{"cameraMode":{"drawMode":0,"name":"Shaded","section":"Shading Mode"},"sceneLighting":true,"audioPlay":false,"sceneViewState":{"showFog":true,"showMaterialUpdate":false,"showSkybox":true,"showFlares":true,"showImageEffects":true,"showParticleSystems":true},"in2DMode":false,"pivot":{"x":-9.285487174987793,"y":4.581727981567383,"z":-25.86846160888672},"rotation":{"x":-0.31867527961730959,"y":0.004613276571035385,"z":-0.0012551796389743686,"w":-0.9479248523712158},"size":68.36982727050781,"orthographic":false}