{"cameraMode":{"drawMode":0,"name":"Shaded","section":"Shading Mode"},"sceneLighting":true,"audioPlay":false,"sceneViewState":{"showFog":true,"showMaterialUpdate":false,"showSkybox":true,"showFlares":true,"showImageEffects":true,"showParticleSystems":true},"in2DMode":false,"pivot":{"x":12.56564712524414,"y":11.709015846252442,"z":9.425346374511719},"rotation":{"x":0.00023610513017047197,"y":0.9898512363433838,"z":-0.14232930541038514,"w":0.0017793363658711315},"size":56.21472930908203,"orthographic":false}