{"cameraMode":{"drawMode":0,"name":"Shaded","section":"Shading Mode"},"sceneLighting":true,"audioPlay":false,"sceneViewState":{"showFog":true,"showMaterialUpdate":false,"showSkybox":true,"showFlares":true,"showImageEffects":true,"showParticleSystems":true},"in2DMode":false,"pivot":{"x":7.0,"y":8.699999809265137,"z":18.299999237060548},"rotation":{"x":0.218378484249115,"y":0.07454778999090195,"z":-0.016861557960510255,"w":0.9729081988334656},"size":82.14972686767578,"orthographic":false}